rate,cv_empirical,cv_expected
speciation,0.5258720206828654,0.21290947751171863
extinction,0.8141707997678616,0.25910910138706417
