rate,cv_empirical,cv_expected
speciation,0.7507831572065576,0.3505938114443722
extinction,1.6089694205589118,0.3522324489439664
