rate,cv_empirical,cv_expected
speciation,0.5308424446044977,0.28769811400573414
extinction,1.6018749341158753,0.2862393217758274
