rate,cv_empirical,cv_expected
speciation,0.48219713948051585,0.3147882221883602
extinction,0.8335899608113232,0.19663941243016794
